Policy,Node,Start Time (s),End Time (s),Duration (s),Memory Size,Fidelity Target
HopCountNetTopo,center,1.6,2.026978671376,0.42697867137599976,2,0.8008263817764265
HopCountNetTopo,center,1.5,1.995046369632,0.495046369632,2,0.8474324723568621
HopCountNetTopo,center,1.2,1.629849114341,0.42984911434100015,4,0.8045957971067549
HopCountNetTopo,center,1.0,1.423681050659,0.4236810506590001,2,0.8291081018032184
HopCountNetTopo,center,1.9,2.351132755281,0.4511327552810003,8,0.8040418011947802
HopCountNetTopo,center,2.42368105066,2.866993744683,0.4433126940230001,2,0.8239525649070417
HopCountNetTopo,center,2.929849114342,3.402705167023,0.47285605268100017,6,0.8093950536683302
HopCountNetTopo,center,3.195046369633,3.63737901453,0.4423326448970002,2,0.8413851296910221
HopCountNetTopo,center,3.126978671377,3.618254229104,0.49127555772700005,4,0.830331788788359
HopCountNetTopo,center,3.751132755282,4.188781413719,0.43764865843699985,6,0.8400950603492904
HopCountNetTopo,center,3.966993744684,4.440451459824,0.4734577151399999,2,0.8195614095247831
HopCountNetTopo,router1,1.5,1.995046369632,0.495046369632,1,0.8474324723568621
HopCountNetTopo,router1,3.195046369633,3.63737901453,0.4423326448970002,2,0.8413851296910221
HopCountNetTopo,router1,3.126978671377,3.618254229104,0.49127555772700005,4,0.830331788788359
HopCountNetTopo,router1,3.966993744684,4.440451459824,0.4734577151399999,1,0.8195614095247831
HopCountNetTopo,router2,1.5,1.995046369632,0.495046369632,1,0.8474324723568621
HopCountNetTopo,router2,1.9,2.351132755281,0.4511327552810003,4,0.8040418011947802
HopCountNetTopo,router2,1.2,1.629849114341,0.42984911434100015,2,0.8045957971067549
HopCountNetTopo,router2,2.929849114342,3.402705167023,0.47285605268100017,3,0.8093950536683302
HopCountNetTopo,router3,1.0,1.423681050659,0.4236810506590001,1,0.8291081018032184
HopCountNetTopo,router3,2.42368105066,2.866993744683,0.4433126940230001,1,0.8239525649070417
HopCountNetTopo,router3,3.751132755282,4.188781413719,0.43764865843699985,3,0.8400950603492904
HopCountNetTopo,router3,3.966993744684,4.440451459824,0.4734577151399999,1,0.8195614095247831
HopCountNetTopo,router4,1.6,2.026978671376,0.42697867137599976,2,0.8008263817764265
HopCountNetTopo,router4,1.2,1.629849114341,0.42984911434100015,2,0.8045957971067549
HopCountNetTopo,router4,1.0,1.423681050659,0.4236810506590001,1,0.8291081018032184
HopCountNetTopo,router4,1.9,2.351132755281,0.4511327552810003,4,0.8040418011947802
HopCountNetTopo,router4,2.42368105066,2.866993744683,0.4433126940230001,1,0.8239525649070417
HopCountNetTopo,router4,2.929849114342,3.402705167023,0.47285605268100017,3,0.8093950536683302
HopCountNetTopo,router4,3.751132755282,4.188781413719,0.43764865843699985,3,0.8400950603492904
FidelityAwareNetTopo,center,1.6,2.026978671376,0.42697867137599976,2,0.8008263817764265
FidelityAwareNetTopo,center,1.5,1.995046369632,0.495046369632,2,0.8474324723568621
FidelityAwareNetTopo,center,1.2,1.629849114341,0.42984911434100015,4,0.8045957971067549
FidelityAwareNetTopo,center,1.0,1.423681050659,0.4236810506590001,2,0.8291081018032184
FidelityAwareNetTopo,center,1.9,2.351132755281,0.4511327552810003,8,0.8040418011947802
FidelityAwareNetTopo,center,2.42368105066,2.866993744683,0.4433126940230001,2,0.8239525649070417
FidelityAwareNetTopo,center,2.929849114342,3.402705167023,0.47285605268100017,6,0.8093950536683302
FidelityAwareNetTopo,center,3.195046369633,3.63737901453,0.4423326448970002,2,0.8413851296910221
FidelityAwareNetTopo,center,3.126978671377,3.618254229104,0.49127555772700005,4,0.830331788788359
FidelityAwareNetTopo,center,3.751132755282,4.188781413719,0.43764865843699985,6,0.8400950603492904
FidelityAwareNetTopo,center,3.966993744684,4.440451459824,0.4734577151399999,2,0.8195614095247831
FidelityAwareNetTopo,router1,1.5,1.995046369632,0.495046369632,1,0.8474324723568621
FidelityAwareNetTopo,router1,3.195046369633,3.63737901453,0.4423326448970002,2,0.8413851296910221
FidelityAwareNetTopo,router1,3.126978671377,3.618254229104,0.49127555772700005,4,0.830331788788359
FidelityAwareNetTopo,router1,3.966993744684,4.440451459824,0.4734577151399999,1,0.8195614095247831
FidelityAwareNetTopo,router2,1.5,1.995046369632,0.495046369632,1,0.8474324723568621
FidelityAwareNetTopo,router2,1.9,2.351132755281,0.4511327552810003,4,0.8040418011947802
FidelityAwareNetTopo,router2,1.2,1.629849114341,0.42984911434100015,2,0.8045957971067549
FidelityAwareNetTopo,router2,2.929849114342,3.402705167023,0.47285605268100017,3,0.8093950536683302
FidelityAwareNetTopo,router3,1.0,1.423681050659,0.4236810506590001,1,0.8291081018032184
FidelityAwareNetTopo,router3,2.42368105066,2.866993744683,0.4433126940230001,1,0.8239525649070417
FidelityAwareNetTopo,router3,3.751132755282,4.188781413719,0.43764865843699985,3,0.8400950603492904
FidelityAwareNetTopo,router3,3.966993744684,4.440451459824,0.4734577151399999,1,0.8195614095247831
FidelityAwareNetTopo,router4,1.6,2.026978671376,0.42697867137599976,2,0.8008263817764265
FidelityAwareNetTopo,router4,1.2,1.629849114341,0.42984911434100015,2,0.8045957971067549
FidelityAwareNetTopo,router4,1.0,1.423681050659,0.4236810506590001,1,0.8291081018032184
FidelityAwareNetTopo,router4,1.9,2.351132755281,0.4511327552810003,4,0.8040418011947802
FidelityAwareNetTopo,router4,2.42368105066,2.866993744683,0.4433126940230001,1,0.8239525649070417
FidelityAwareNetTopo,router4,2.929849114342,3.402705167023,0.47285605268100017,3,0.8093950536683302
FidelityAwareNetTopo,router4,3.751132755282,4.188781413719,0.43764865843699985,3,0.8400950603492904
